--
-- PostgreSQL database dump
--

-- Dumped from database version 12.2
-- Dumped by pg_dump version 12.2

-- Started on 2020-06-26 21:22:13 UTC

SET statement_timeout = 0;
SET lock_timeout = 0;
SET idle_in_transaction_session_timeout = 0;
SET client_encoding = 'UTF8';
SET standard_conforming_strings = on;
SELECT pg_catalog.set_config('search_path', '', false);
SET check_function_bodies = false;
SET xmloption = content;
SET client_min_messages = warning;
SET row_security = off;

SET default_tablespace = '';

SET default_table_access_method = heap;

--
-- TOC entry 202 (class 1259 OID 24679)
-- Name: cart; Type: TABLE; Schema: public; Owner: admin
--

CREATE TABLE public.cart (
    id uuid NOT NULL,
    user_id uuid NOT NULL
);


ALTER TABLE public.cart OWNER TO admin;

--
-- TOC entry 203 (class 1259 OID 24684)
-- Name: cart_position; Type: TABLE; Schema: public; Owner: admin
--

CREATE TABLE public.cart_position (
    id uuid NOT NULL,
    count integer NOT NULL,
    cart_id uuid,
    product_id uuid
);


ALTER TABLE public.cart_position OWNER TO admin;

--
-- TOC entry 204 (class 1259 OID 24689)
-- Name: customer_order; Type: TABLE; Schema: public; Owner: admin
--

CREATE TABLE public.customer_order (
    id uuid NOT NULL,
    created timestamp without time zone NOT NULL,
    number bigint,
    ordered timestamp without time zone,
    sent timestamp without time zone,
    user_id uuid NOT NULL
);


ALTER TABLE public.customer_order OWNER TO admin;

--
-- TOC entry 205 (class 1259 OID 24694)
-- Name: customer_order_position; Type: TABLE; Schema: public; Owner: admin
--

CREATE TABLE public.customer_order_position (
    id uuid NOT NULL,
    count integer NOT NULL,
    product_id uuid NOT NULL,
    product_name character varying(255) NOT NULL,
    product_number bigint NOT NULL,
    product_price numeric(19,2) NOT NULL,
    order_id uuid
);


ALTER TABLE public.customer_order_position OWNER TO admin;

--
-- TOC entry 206 (class 1259 OID 24699)
-- Name: product; Type: TABLE; Schema: public; Owner: admin
--

CREATE TABLE public.product (
    id uuid NOT NULL,
    created timestamp without time zone NOT NULL,
    deleted timestamp without time zone,
    description text NOT NULL,
    name character varying(255) NOT NULL,
    number bigint NOT NULL,
    price numeric(19,2) NOT NULL,
    updated timestamp without time zone NOT NULL
);


ALTER TABLE public.product OWNER TO admin;

--
-- TOC entry 207 (class 1259 OID 24707)
-- Name: webshop_user; Type: TABLE; Schema: public; Owner: admin
--

CREATE TABLE public.webshop_user (
    id uuid NOT NULL,
    city character varying(255),
    email character varying(255),
    first_name character varying(255),
    last_name character varying(255),
    password character varying(255),
    postal_code character varying(255),
    role integer,
    street character varying(255)
);


ALTER TABLE public.webshop_user OWNER TO admin;

--
-- TOC entry 2967 (class 2613 OID 16401)
-- Name: 16401; Type: BLOB; Schema: -; Owner: admin
--

SELECT pg_catalog.lo_create('16401');


ALTER LARGE OBJECT 16401 OWNER TO admin;

--
-- TOC entry 2968 (class 2613 OID 16402)
-- Name: 16402; Type: BLOB; Schema: -; Owner: admin
--

SELECT pg_catalog.lo_create('16402');


ALTER LARGE OBJECT 16402 OWNER TO admin;

--
-- TOC entry 2969 (class 2613 OID 16403)
-- Name: 16403; Type: BLOB; Schema: -; Owner: admin
--

SELECT pg_catalog.lo_create('16403');


ALTER LARGE OBJECT 16403 OWNER TO admin;

--
-- TOC entry 2970 (class 2613 OID 16404)
-- Name: 16404; Type: BLOB; Schema: -; Owner: admin
--

SELECT pg_catalog.lo_create('16404');


ALTER LARGE OBJECT 16404 OWNER TO admin;

--
-- TOC entry 2971 (class 2613 OID 16415)
-- Name: 16415; Type: BLOB; Schema: -; Owner: admin
--

SELECT pg_catalog.lo_create('16415');


ALTER LARGE OBJECT 16415 OWNER TO admin;

--
-- TOC entry 2972 (class 2613 OID 16416)
-- Name: 16416; Type: BLOB; Schema: -; Owner: admin
--

SELECT pg_catalog.lo_create('16416');


ALTER LARGE OBJECT 16416 OWNER TO admin;

--
-- TOC entry 2973 (class 2613 OID 16417)
-- Name: 16417; Type: BLOB; Schema: -; Owner: admin
--

SELECT pg_catalog.lo_create('16417');


ALTER LARGE OBJECT 16417 OWNER TO admin;

--
-- TOC entry 2974 (class 2613 OID 16418)
-- Name: 16418; Type: BLOB; Schema: -; Owner: admin
--

SELECT pg_catalog.lo_create('16418');


ALTER LARGE OBJECT 16418 OWNER TO admin;

--
-- TOC entry 2975 (class 2613 OID 16419)
-- Name: 16419; Type: BLOB; Schema: -; Owner: admin
--

SELECT pg_catalog.lo_create('16419');


ALTER LARGE OBJECT 16419 OWNER TO admin;

--
-- TOC entry 2976 (class 2613 OID 16420)
-- Name: 16420; Type: BLOB; Schema: -; Owner: admin
--

SELECT pg_catalog.lo_create('16420');


ALTER LARGE OBJECT 16420 OWNER TO admin;

--
-- TOC entry 2977 (class 2613 OID 16421)
-- Name: 16421; Type: BLOB; Schema: -; Owner: admin
--

SELECT pg_catalog.lo_create('16421');


ALTER LARGE OBJECT 16421 OWNER TO admin;

--
-- TOC entry 2978 (class 2613 OID 24673)
-- Name: 24673; Type: BLOB; Schema: -; Owner: admin
--

SELECT pg_catalog.lo_create('24673');


ALTER LARGE OBJECT 24673 OWNER TO admin;

--
-- TOC entry 2979 (class 2613 OID 24674)
-- Name: 24674; Type: BLOB; Schema: -; Owner: admin
--

SELECT pg_catalog.lo_create('24674');


ALTER LARGE OBJECT 24674 OWNER TO admin;

--
-- TOC entry 2980 (class 2613 OID 24675)
-- Name: 24675; Type: BLOB; Schema: -; Owner: admin
--

SELECT pg_catalog.lo_create('24675');


ALTER LARGE OBJECT 24675 OWNER TO admin;

--
-- TOC entry 2981 (class 2613 OID 24676)
-- Name: 24676; Type: BLOB; Schema: -; Owner: admin
--

SELECT pg_catalog.lo_create('24676');


ALTER LARGE OBJECT 24676 OWNER TO admin;

--
-- TOC entry 2982 (class 2613 OID 24677)
-- Name: 24677; Type: BLOB; Schema: -; Owner: admin
--

SELECT pg_catalog.lo_create('24677');


ALTER LARGE OBJECT 24677 OWNER TO admin;

--
-- TOC entry 2983 (class 2613 OID 24678)
-- Name: 24678; Type: BLOB; Schema: -; Owner: admin
--

SELECT pg_catalog.lo_create('24678');


ALTER LARGE OBJECT 24678 OWNER TO admin;

--
-- TOC entry 2984 (class 2613 OID 24746)
-- Name: 24746; Type: BLOB; Schema: -; Owner: admin
--

SELECT pg_catalog.lo_create('24746');


ALTER LARGE OBJECT 24746 OWNER TO admin;

--
-- TOC entry 2985 (class 2613 OID 24747)
-- Name: 24747; Type: BLOB; Schema: -; Owner: admin
--

SELECT pg_catalog.lo_create('24747');


ALTER LARGE OBJECT 24747 OWNER TO admin;

--
-- TOC entry 2986 (class 2613 OID 24748)
-- Name: 24748; Type: BLOB; Schema: -; Owner: admin
--

SELECT pg_catalog.lo_create('24748');


ALTER LARGE OBJECT 24748 OWNER TO admin;

--
-- TOC entry 2987 (class 2613 OID 24749)
-- Name: 24749; Type: BLOB; Schema: -; Owner: admin
--

SELECT pg_catalog.lo_create('24749');


ALTER LARGE OBJECT 24749 OWNER TO admin;

--
-- TOC entry 2988 (class 2613 OID 24750)
-- Name: 24750; Type: BLOB; Schema: -; Owner: admin
--

SELECT pg_catalog.lo_create('24750');


ALTER LARGE OBJECT 24750 OWNER TO admin;

--
-- TOC entry 2989 (class 2613 OID 24751)
-- Name: 24751; Type: BLOB; Schema: -; Owner: admin
--

SELECT pg_catalog.lo_create('24751');


ALTER LARGE OBJECT 24751 OWNER TO admin;

--
-- TOC entry 2990 (class 2613 OID 24752)
-- Name: 24752; Type: BLOB; Schema: -; Owner: admin
--

SELECT pg_catalog.lo_create('24752');


ALTER LARGE OBJECT 24752 OWNER TO admin;

--
-- TOC entry 2991 (class 2613 OID 24753)
-- Name: 24753; Type: BLOB; Schema: -; Owner: admin
--

SELECT pg_catalog.lo_create('24753');


ALTER LARGE OBJECT 24753 OWNER TO admin;

--
-- TOC entry 2992 (class 2613 OID 24754)
-- Name: 24754; Type: BLOB; Schema: -; Owner: admin
--

SELECT pg_catalog.lo_create('24754');


ALTER LARGE OBJECT 24754 OWNER TO admin;

--
-- TOC entry 2961 (class 0 OID 24679)
-- Dependencies: 202
-- Data for Name: cart; Type: TABLE DATA; Schema: public; Owner: admin
--

COPY public.cart (id, user_id) FROM stdin;
\.


--
-- TOC entry 2962 (class 0 OID 24684)
-- Dependencies: 203
-- Data for Name: cart_position; Type: TABLE DATA; Schema: public; Owner: admin
--

COPY public.cart_position (id, count, cart_id, product_id) FROM stdin;
\.


--
-- TOC entry 2963 (class 0 OID 24689)
-- Dependencies: 204
-- Data for Name: customer_order; Type: TABLE DATA; Schema: public; Owner: admin
--

COPY public.customer_order (id, created, number, ordered, sent, user_id) FROM stdin;
9bc32e94-9340-4ee5-9caa-af3c527f79b1	2020-06-26 18:16:34.059792	1	2020-06-26 18:16:36.478615	\N	9a26a66c-fc4a-4ad3-a4e4-dfcda1b65f73
0c9574d2-9317-4cbb-9108-4b486a605e59	2020-06-26 18:28:48.521463	2	2020-06-26 18:28:51.641463	\N	9a26a66c-fc4a-4ad3-a4e4-dfcda1b65f73
\.


--
-- TOC entry 2964 (class 0 OID 24694)
-- Dependencies: 205
-- Data for Name: customer_order_position; Type: TABLE DATA; Schema: public; Owner: admin
--

COPY public.customer_order_position (id, count, product_id, product_name, product_number, product_price, order_id) FROM stdin;
20e393e0-ff49-4c2b-a89b-dff088108dd8	1	9c26bf2e-bb51-4724-b7f3-25c87fc8d8dc	OnePlus 8 Pro Limited (12GB) (256GB, Ultramarine Blue, 6.78", Dual SIM, 48Mpx, 5G)	1	1049.00	9bc32e94-9340-4ee5-9caa-af3c527f79b1
e8c70875-46a7-4697-9610-53fe947f7cba	1	de850e87-726f-47a7-8f95-63fd89e13f57	AMD Ryzen 9 3900XT (3.80GHz, 12-Core)	2	499.00	9bc32e94-9340-4ee5-9caa-af3c527f79b1
cb99686b-f051-4241-a78f-aa01e7caa6a7	1	01ea926b-eee9-436b-8859-d71f72d05712	HyperX Fury RGB (2x, 8GB, DDR4-3200, DIMM 288)	5	111.00	9bc32e94-9340-4ee5-9caa-af3c527f79b1
97411cbc-5c9a-410a-83c4-004f985fa699	1	2f95e87d-417a-4f5c-93a9-7a4ea498dc02	Microsoft 365 Family (12 Mt., 6x, Android, iOS, Windows, Mac OS X, Windows Mobile, DE, FR, IT)	6	82.00	9bc32e94-9340-4ee5-9caa-af3c527f79b1
481c1396-7c6b-4f26-af4d-ef0dc5367b28	3	9c26bf2e-bb51-4724-b7f3-25c87fc8d8dc	OnePlus 8 Pro Limited (12GB) (256GB, Ultramarine Blue, 6.78", Dual SIM, 48Mpx, 5G)	1	1049.00	0c9574d2-9317-4cbb-9108-4b486a605e59
\.


--
-- TOC entry 2965 (class 0 OID 24699)
-- Dependencies: 206
-- Data for Name: product; Type: TABLE DATA; Schema: public; Owner: admin
--

COPY public.product (id, created, deleted, description, name, number, price, updated) FROM stdin;
9c26bf2e-bb51-4724-b7f3-25c87fc8d8dc	2020-06-26 16:58:33.784539	\N	24746	OnePlus 8 Pro Limited (12GB) (256GB, Ultramarine Blue, 6.78", Dual SIM, 48Mpx, 5G)	1	1049.00	2020-06-26 16:58:33.784554
de850e87-726f-47a7-8f95-63fd89e13f57	2020-06-26 17:05:02.311045	\N	24747	AMD Ryzen 9 3900XT (3.80GHz, 12-Core)	2	499.00	2020-06-26 17:05:02.311072
d0f34019-ad3c-4311-9cfc-98dbec3b8a8f	2020-06-26 17:06:32.898975	\N	24748	ASUS BE27AQLB (27", 2560 x 1440 Pixels)	3	359.00	2020-06-26 17:06:32.898997
398a66cd-6f0e-4364-aa28-1bb0d4e26d9d	2020-06-26 17:11:09.929999	\N	24750	Panasonic G110 (12-32mm, 20Mpx, Micro Four Thirds)	4	899.00	2020-06-26 17:11:23.730223
01ea926b-eee9-436b-8859-d71f72d05712	2020-06-26 17:12:56.849236	\N	24751	HyperX Fury RGB (2x, 8GB, DDR4-3200, DIMM 288)	5	111.00	2020-06-26 17:12:56.849278
2f95e87d-417a-4f5c-93a9-7a4ea498dc02	2020-06-26 17:16:32.696391	\N	24752	Microsoft 365 Family (12 Mt., 6x, Android, iOS, Windows, Mac OS X, Windows Mobile, DE, FR, IT)	6	82.00	2020-06-26 17:16:32.696406
e328af69-21f9-468a-946e-e0bf5da85b82	2020-06-26 17:54:01.508418	2020-06-26 17:54:39.649339	24754	Test	7	0.00	2020-06-26 17:54:39.649706
\.


--
-- TOC entry 2966 (class 0 OID 24707)
-- Dependencies: 207
-- Data for Name: webshop_user; Type: TABLE DATA; Schema: public; Owner: admin
--

COPY public.webshop_user (id, city, email, first_name, last_name, password, postal_code, role, street) FROM stdin;
e1f5100b-0671-470a-9961-06de9e1c92fd	Admindorf	admin@admin.ch	Kurt	Admin	$2a$10$zB2dbCdpnUqi04DhdTz2YeCc1jq.nvqtlNfEkOWApJfYiML6PPkxC	3817	1	Adminstrasse 23
9a26a66c-fc4a-4ad3-a4e4-dfcda1b65f73	Rain	lucbu01@bluewin.ch	Luca	Bucher	$2a$10$7EhO6TvkwqNY2HptyekjM.1qqw7G0Y7Jo/c8aPhiDAFhcUEMDOeBC	6026	0	Scheid 1
\.


--
-- TOC entry 2993 (class 0 OID 0)
-- Data for Name: BLOBS; Type: BLOBS; Schema: -; Owner: -
--

BEGIN;

SELECT pg_catalog.lo_open('16401', 131072);
SELECT pg_catalog.lowrite(0, '\x446173206e6575737465');
SELECT pg_catalog.lo_close(0);

SELECT pg_catalog.lo_open('16402', 131072);
SELECT pg_catalog.lowrite(0, '\x4461732069737420646965206e65756520756e642061757366c3bc68726c69636865726520426573636872656962756e672066c3bc72206461732050726f64756b742031');
SELECT pg_catalog.lo_close(0);

SELECT pg_catalog.lo_open('16403', 131072);
SELECT pg_catalog.lowrite(0, '\x446173206e6575737465');
SELECT pg_catalog.lo_close(0);

SELECT pg_catalog.lo_open('16404', 131072);
SELECT pg_catalog.lowrite(0, '\x4461732069737420646965206e65756520756e642061757366c3bc68726c69636865726520426573636872656962756e672066c3bc72206461732050726f64756b742031');
SELECT pg_catalog.lo_close(0);

SELECT pg_catalog.lo_open('16415', 131072);
SELECT pg_catalog.lowrite(0, '\x446173206e6575737465');
SELECT pg_catalog.lo_close(0);

SELECT pg_catalog.lo_open('16416', 131072);
SELECT pg_catalog.lowrite(0, '\x446173206e6575737465');
SELECT pg_catalog.lo_close(0);

SELECT pg_catalog.lo_open('16417', 131072);
SELECT pg_catalog.lowrite(0, '\x4461732069737420646965206e65756520756e642061757366c3bc68726c69636865726520426573636872656962756e672066c3bc72206461732050726f64756b742031');
SELECT pg_catalog.lo_close(0);

SELECT pg_catalog.lo_open('16418', 131072);
SELECT pg_catalog.lowrite(0, '\x4461732069737420646965206e65756520756e642061757366c3bc68726c69636865726520426573636872656962756e672066c3bc72206461732050726f64756b742031');
SELECT pg_catalog.lo_close(0);

SELECT pg_catalog.lo_open('16419', 131072);
SELECT pg_catalog.lowrite(0, '\x4461732069737420646965206e65756520756e642061757366c3bc68726c69636865726520426573636872656962756e672066c3bc72206461732050726f64756b742031');
SELECT pg_catalog.lo_close(0);

SELECT pg_catalog.lo_open('16420', 131072);
SELECT pg_catalog.lowrite(0, '\x4461732069737420646965206e65756520756e642061757366c3bc68726c69636865726520426573636872656962756e672066c3bc722064617320507264756b742031');
SELECT pg_catalog.lo_close(0);

SELECT pg_catalog.lo_open('16421', 131072);
SELECT pg_catalog.lowrite(0, '\x4461732069737420646965206e65756520756e642061757366c3bc68726c69636865726520426573636872656962756e672066c3bc72206461732050726f64756b742031');
SELECT pg_catalog.lo_close(0);

SELECT pg_catalog.lo_open('24673', 131072);
SELECT pg_catalog.lowrite(0, '\x446173206e6575737465');
SELECT pg_catalog.lo_close(0);

SELECT pg_catalog.lo_open('24674', 131072);
SELECT pg_catalog.lowrite(0, '\x48616c6c6f206963682062696e2065696e6520426573636872656962756e670a0a4e657565722041627361747a20486168616861');
SELECT pg_catalog.lo_close(0);

SELECT pg_catalog.lo_open('24675', 131072);
SELECT pg_catalog.lowrite(0, '\x4461732069737420646965206e65756520756e642061757366c3bc68726c69636865726520426573636872656962756e672066c3bc72206461732050726f64756b742031');
SELECT pg_catalog.lo_close(0);

SELECT pg_catalog.lo_open('24676', 131072);
SELECT pg_catalog.lowrite(0, '\x446173206e65757374652048616e6479206d697420646572206e65757374656e204b616d6572612e0a0a4d697420616e20426f6172642073696e6420646572205175616c636f6d6d20536e6170647261676f6e203836352c20646572206d6f6d656e74616e207374c3a4726b737465206d6f62696c652050726f7a6573736f72206175662064656d204d61726b742e2057656974657220676962742065732076696572204b616d657261732c20416e64726f6964203130206d6974204f787967656e204f5320756e642065696e656e20496e2d446973706c61792046696e6765726162647275636b73656e736f722e0a4175636820576972656c6573732d4368617267696e6720697374206d697420616e20426f6172642e2044657220416b6b7520756d66617373742034353030206d416820756e642077697264206d697420576172702043686172676520333020626c69747a7363686e656c6c2067656c6164656e2e205a7564656d206973742064617320536d61727470686f6e65206e61636820495036382064757263682045696e6472696e67656e20766f6e2057617373657220756e64205374617562206765736368c3bc747a742e0a0a4461732048616e64792069737420616b7475656c6c2065696e206563687465722048696e626c69636b657220756e64205369652077657264656e202064656e204b6175662062657374696d6d74206e69636874206265726575656e2e0a0a56617269616e74653a20202020202020556c7472616d6172696e6520426c75650a53706569636865723a2020202020203235362047420a52414d3a202020202020202020202020203132204742');
SELECT pg_catalog.lo_close(0);

SELECT pg_catalog.lo_open('24677', 131072);
SELECT pg_catalog.lowrite(0, '\x61736466');
SELECT pg_catalog.lo_close(0);

SELECT pg_catalog.lo_open('24678', 131072);
SELECT pg_catalog.lowrite(0, '\x61736466');
SELECT pg_catalog.lo_close(0);

SELECT pg_catalog.lo_open('24746', 131072);
SELECT pg_catalog.lowrite(0, '\x44696520466c75696420456e67696e6520646573204f6e65506c757320382050726f20736f72677420646166c3bc722c2064617373206465722042696c6473636869726d696e68616c74206e6168746c6f7320766f6e2065696e656d204672616d65207a756d206ec3a463687374656e20666c6965c39f742c2077c3a46872656e642064696520696e6e6f766174697665204d454d432d546563686e6f6c6f6769652066c3bc72206e6f636820666cc3bc73736967657265204265776567756e67656e20736f7267742e2047657061617274206d69742065696e656d206272696c6c616e74656e20362c373822205148442b2d416e7a6569676520756e642031323020487a2042696c64776965646572686f6c726174652c2064617320697374204c69656265206175662064656e2065727374656e2057697363682e0a0a4d697420c3bc6265722032383020536f6674776172652d4f7074696d696572756e67656e206cc3a4756674204f6e65506c757320382050726f206e6168746c6f73206d69742031323020487a2c20736f20646173732073696368206461732053747265696368656e20756e64205363726f6c6c656e2072656962756e67736c6f7320756e64206dc3bc68656c6f7320616e66c3bc686c742e0a0a48616c74656e20536965204968726520417567656e206d69742065696e65722076657262657373657274656e2061646170746976656e20416e7a65696765206b6f6d666f72746162656c2e20486172647761726520756e6420536f66747761726520617262656974656e207a7573616d6d656e2c20756d20646965204661726274656d706572617475722066c3bc72206e6174c3bc726c696368652054c3b66e6520756e64206b6f6e73697374656e7465204661726274c3b66e65207a752065726b656e6e656e20756e6420616e7a7570617373656e2e204d6974206465722048656c6c69676b65697473737465756572756e67206bc3b66e6e656e205369652061757320343039362076657266c3bc67626172656e2048656c6c69676b6569747373747566656e2064696520696465616c6520416e7a6569676568656c6c69676b6569742061757377c3a4686c656e2c20756d2073616e66746572652048656c6c69676b65697473c3bc62657267c3a46e676520756e642065696e656e2068c3b6686572656e20417567656e6b6f6d666f7274207a752065727a69656c656e2e2045696e6520706f6c61726973696572746520416e7a656967652068696c6674206265692064657220526564757a696572756e6720766f6e20426c656e64756e6720756e64205265666c6578696f6e656e2066c3bc722065696e65206b6c61726572652053696368746261726b65697420756e64206c6562656e6469676572652046617262656e2e0a0a44617320466c616767736368696666205175616c636f6d6d20536e6170647261676f6e203836352069737420756d2032352025206c65697374756e67737374c3a4726b657220756e64207365747a742064616d69742065696e656e206e6575656e204c65697374756e67736d61c39f737461622e0a0a4c6164656e205369652046696c6d6520696e2053656b756e64656e7363686e656c6c6520686572756e7465722c20746175736368656e2053696520466f746f73206e6168657a7520617567656e626c69636b6c6963682061757320756e6420657268616c74656e20536965206d69742035472065696e6520756d66617373656e6465204e65747a7765726b61626465636b756e672e0a0a57c3a4686c656e205369652c2077696520536965206d69742057617270204368617267652033305420756e6420576172702043686172676520333020576972656c657373206c6164656e206dc3b6636874656e2e2045696e65207665726265737365727465204c616465746563686e6f6c6f676965207374656c6c74207369636865722c2064617373204968722054656c65666f6e207363686e656c6c2067656e75672061756667656c6164656e20776972642c20756d206d69742049686e656e2053636872697474207a752068616c74656e2e0a0a48616c74656e205369652064656e204d6f6d656e74206d69742065696e6572206c65697374756e6773737461726b656e203438204d5020517561642d4b616d65726120666573742e2045696e65206e65756520686f63686175666cc3b673656e646520556c7472612d5765697477696e6b656c2d4b616d6572612065727765697465727420496872656e20426c69636b77696e6b656c2c2077c3a46872656e6420536965206d69742044796e616d696320566964656f206c65626861667465726520756e642064657461696c726569636865726520566964656f73206175666e65686d656e206bc3b66e6e656e2e0a0a556e7465727374c3bc747a742064757263682065696e6520495036382d45696e73747566756e6720626c6569627420496872204f6e65506c757320382050726f20766f7220706cc3b6747a6c696368656e2053707269747a65726e206765736368c3bc747a742e0a0a4f787967656e4f532069737420696e74656c6c6967656e742c207363686e656c6c20756e6420656666697a69656e742c206d697420696e747569746976656e2046756e6b74696f6e656e2c20646965207370657a69656c6c2066c3bc722053696520656e747769636b656c742077757264656e2e20576972206b6f6e7a656e7472696572656e20756e7320617566204968726520457266616872756e6720756e64207374656c6c656e207369636865722c206461737320496872204f6e65506c75732d536d61727470686f6e65206469652044696e67652c2064696520536965207769726b6c69636820627261756368656e2c20686572766f72726167656e64206265686572727363687420756e642049686e656e20686572617573726167656e64652046756e6b74696f6e656e207a75722056657266c3bc67756e67207374656c6c742e');
SELECT pg_catalog.lo_close(0);

SELECT pg_catalog.lo_open('24747', 131072);
SELECT pg_catalog.lowrite(0, '\x44616e6b20414d442053656e73654d4920546563686e6f6c6f677920676cc3a46e7a74206465722050726f7a6573736f72206d697420616e70617373756e677366c3a46869676572204c65697374756e672e20414d442053656e7365204d4920736368616c7465742064656e2050726f7a6573736f72206175746f6d6174697363682061756620537069747a656e676573636877696e6469676b6569742c2077656e6e206465722050432066c3bc7220616e73707275636873766f6c6c6520417566676162656e206d656872204c65697374756e6720627261756368742e20536f2073746568742049686e656e20646965204c65697374756e672064616e6e207a75722056657266c3bc67756e672c2077656e6e20536965207369652062656ec3b6746967656e2e20476c656963687a6569746967207769726420646572205374726f6d76657262726175636820696d204e6f726d616c6265747269656220676572696e6720676568616c74656e2e556d2065696e204d6178696d756d20616e204c65697374756e67206175732064656e2052797a656e2d43505573206865726175737a75686f6c656e2c2073696e64206469652050726f7a6573736f72656e206d69742064656d20582d537566666978206d69742064656d206e6575656e205846522d46656174757265206175736765737461747465742e205846522062656465757465742c2064617373206469657365204350557320766f6c6c6175746f6d6174697363682065696e6520c39c62657274616b74756e6720c3bc6265722064656e20726567756cc3a472656e20426f6f73742d54616b742068696e617573207a756c617373656e2e20446965206d6178696d616c652054616b74726174652070617373742073696368206461626569206465722076657277656e646574656e204bc3bc686c6cc3b673756e6720616e2c20736569206573204c7566742c20576173736572206f64657220466cc3bc73736967737469636b73746f66662e4d69742064656d20414d442052797a656e204d617374657220546f6f6c2c2077656c6368657320536965206b6f7374656e6c6f7320766f6e2064657220414d4420536569746520686572756e7465726c6164656e206bc3b66e6e656e2c206973742065732049686e656e206dc3b6676c69636820646965204350552064616e6b20696872656d20667265696765736368616c746574656d204d756c7469706c696572206f686e652050726f626c656d65207a7520c3bc62657274616b74656e2e20496d20414d442052797a656e204d61737465722073696e64205369652061757373657264656d20696e20646572204c616765206469652054656d7065726174757220756e64207669656c6573206d6568722067616e7a2073696d70656c20696d20c39c626572626c69636b207a7520626568616c74656e2e');
SELECT pg_catalog.lo_close(0);

SELECT pg_catalog.lo_open('24748', 131072);
SELECT pg_catalog.lowrite(0, '\x3237205a6f6c6c20575148442028323536307831343430292049505320446973706c617920696d2031363a3920466f726d617420756e64203630487a202f203335302063642fe38ea1202f20356d7320477447202f20696e746567726965727465204c6175747370726563686572202f2048c3b668656e2d2c204e6569672c2053636877656e6b2d20756e64206472656862617220736f776965207069766f74202f2048444d492c20446973706c6179506f72742c206d44502c204456492d440a0a2d2d2d2d2d2d2d2d2d2d2d2d2d2d2d2d2d2d2d2d2d2d2d2d2d2d2d2d2d2d2d2d2d2d2d2d2d2d2d2d2d2d2d2d2d2d2d2d2d2d2d2d2d2d2d2d2d2d2d2d2d2d2d2d2d2d2d2d2d2d2d2d2d2d2d2d2d2d0a0a0a36382c353820636d20283237e280b32920575148442d4950532d4d6f6e69746f72206d6974207261686d656e6c6f73656d2044657369676e20756e642065696e656d2077656974656e204265747261636874756e677377696e6b656c2066c3bc722065696e65206272696c6c616e74652042696c647769656465726761626520617573206a6564657220506f736974696f6e0a556d66617373656e646520416e7363686c7573736dc3b6676c6963686b656974656e206d6974204d696e6920446973706c6179506f72742c20446973706c6179506f72742c2048444d492c204475616c2d4c696e6b204456492d442c20417564696f2d45696e67616e672c204b6f706668c3b6726572616e7363686c75737320756e64205553422d332e302d416e7363686cc3bc7373656e2066c3bc72206772c3b6c39f746dc3b6676c6963686520466c65786962696c6974c3a4740a4572676f6e6f6d6973636865732044657369676e206d69742048c3b668656e7665727374656c6c756e672c2053636877656e6b2d2c204e656967652d20756e64204472656866756e6b74696f6e2066c3bc722065696e206f7074696d616c6573204265747261636874756e677365726c65626e69730a5a6572746966697a6965727420766f6d2054c39c5620526865696e6c616e642066c3bc722064696520466c69636b65722d467265652d20756e64204c6f772d426c75652d4c696768742d546563686e6f6c6f6769656e2c2077656c6368652065696e206265736f6e64657273206b6f6d666f727461626c65732053656865726c65626e69732062696574656e2e0a0a42657373657220736568656e206d697420575148442d4175666cc3b673756e670a4465722041535553204245323741514c4220427573696e6573732d4d6f6e69746f7220c3bc6265727a65756774206d6974207365696e657220626565696e647275636b656e64656e204175666cc3b673756e6720766f6e203235363078313434302e204461732036382c353820636d20283237e2809d2920575148442d446973706c617920646573204245323741514c422065726dc3b6676c696368742032352520736368c3a472666572652042696c64657220756e6420626973207a7520373725206d65687220506c61747a206175662064656d2042696c6473636869726d20696d20566572676c65696368207a752065696e656d2036382c353820636d20283237e280b3292046756c6c2d48442d4d6f6e69746f7220e2809320736f6d6974206b616e6e207369636820646572204e75747a657220676c656963687a6569746967206d6568722046656e73746572206d697420756e7465727363686965646c696368656e20416e77656e64756e67656e20616e7a656967656e206c617373656e2e0a0a4c6562656e646967652c206e6174757267657472657565204461727374656c6c756e67206d6974204265747261636874756e677377696e6b656c6e20766f6e20313738c2b00a4465722041535553204245323741514c422076657266c3bc677420c3bc6265722065696e204950532d446973706c6179206d6974204c45442d48696e7465726772756e6462656c6575636874756e6720756e642065696e656e2077656974656e204265747261636874756e677377696e6b656c20766f6e20313738c2b02c20776f64757263682046617262766572736368696562756e67656e20696e20686f72697a6f6e74616c65722077696520617563682076657274696b616c6572205269636874756e67206d696e696d696572742077657264656e20756e642065696e65206e6174757267657472657565204461727374656c6c756e67206175732066617374206a6564656d20426c69636b77696e6b656c20676577c3a468726c65697374657420776972642e0a0a4f7074696d616c2066c3bc7220416e77656e64756e6773737a656e617269656e206d6974206d6568726572656e2042696c6473636869726d656e0a4567616c2c206f62206265696d2053757266656e20696e20496e7465726e65742c206265696d20416e736568656e20766f6e20566964656f73206f64657220626569206465722041726265697420e2809320646173207261686d656e6c6f73652044657369676e20646573204245323741514c422065726c617562742065696e6520736f2067757420776965206e6168746c6f736520416e6f72646e756e6720617573207a776569206f6465722064726569204d6f6e69746f72656e2e2044696520736f206572726569636874652050616e6f72616d612d416e736963687420736f7267742066c3bc722065696e656e206e6f63682068c3b6686572652050726f64756b7469766974c3a4742e0a0a4572676f6e6f6d697363686573205374616e646675c39f2d44657369676e2066c3bc72206f7074696d616c656e204b6f6d666f72740a446572204245323741514c422076657266c3bc677420c3bc6265722065696e656e206572676f6e6f6d69736368656e205374616e646675c39f206d6974205069766f742d46756e6b74696f6e2c2064657220736f776f686c2067656e656967742c206765647265687420756e642067656b6970707420616c73206175636820696e206465722048c3b66865207665727374656c6c742077657264656e206b616e6e2e20536f6d6974206269657465742065722064656d204e75747a65722065696e656e206f7074696d616c656e204e75747a65722d20756e64204265747261636874756e67736b6f6d666f72742e20446965205069766f742d46756e6b74696f6e2c206d69742077656c6368657220646572204d6f6e69746f7220756d203930c2b020696d206f64657220676567656e2064656e205568727a656967657273696e6e20696e2064656e20506f7274726169742d4d6f64757320676564726568742077657264656e206b616e6e2c20697374206265736f6e64657273207072616b74697363682066c3bc722064696520417262656974206d69742057656273656974656e2c2050726f6772616d6d696572756e67206f646572206265736f6e64657273206c616e67656e20446f6b756d656e74656e2e0a0a5669656c66c3a46c7469676520416e7363686c7573736dc3b6676c6963686b656974656e0a446572204245323741514c4220427573696e6573732d4d6f6e69746f722076657266c3bc677420c3bc6265722065696e65205669656c7a61686c20766f6e20416e7363686c7573736dc3b6676c6963686b656974656e2c2065696e7363686c6965c39f6c696368204d696e6920446973706c6179506f72742c20446973706c6179506f72742c2048444d492c204475616c2d4c696e6b204456492d442c20417564696f65696e67616e672c204b6f706668c3b672657262756368736520756e642076696572205553422d332e302d5363686e6974747374656c6c656e2e0a0a486f686572204265747261636874756e67736b6f6d666f72742066c3bc72206469652074c3a4676c69636865204e75747a756e67206d697420457965436172652d546563686e6f6c6f67696520756e64206572676f6e6f6d69736368656d2044657369676e0a4dc3bc646520756e6420616e6765737472656e67746520417567656e20676568c3b672656e206465722056657267616e67656e6865697420616e2120446572204245323741514c4220756e7465727374c3bc747a742064696520466c69636b65722d467265652d20756e64204c6f772d426c75652d4c696768742d546563686e6f6c6f6769652e20446164757263682077657264656e2045726dc3bc64756e6773657273636865696e756e67656e20756e6420616e6465726520736368c3a4646c6963686520456666656b74652076657268696e646572742c20646965206475726368207374756e64656e6c616e67652041726265697420766f722064656d2042696c6473636869726d20656e7473746568656e206bc3b66e6e656e2e0a0a42656e75747a6572667265756e646c69636865732044657369676e0a446965206d6568727370726163686967652042696c6473636869726d616e7a65696765206b616e6e20c3bc62657220646965206b6f6d666f727461626c656e2054617374656e20616e676570617373742077657264656e2e0a496e7465677269657274652032572053746572656f2d4c61757473707265636865722066c3bc72204d756c74696d656469612d416e77656e64756e67656e0a496e6b6c7573697665204b454e53494e47544f4e2d53696368657268656974737363686c6f7373');
SELECT pg_catalog.lo_close(0);

SELECT pg_catalog.lo_open('24749', 131072);
SELECT pg_catalog.lowrite(0, '\x53797374656d6b616d6572612066c3bc7220466f746f67726166656e2c20566964656f67726166656e2c20496e7374616772616d657220756e6420566c6f676765720a0a2d2d2d2d2d2d2d2d2d2d2d2d2d2d2d2d2d2d2d2d2d2d2d2d2d2d2d2d2d2d2d2d2d2d2d2d2d2d2d2d2d2d2d2d2d2d2d2d2d2d2d2d2d2d2d2d2d2d2d2d2d2d2d2d2d2d2d2d2d2d2d2d2d2d2d2d2d2d0a0a0a446965204c554d49582047313130207370726963687420466f746f67726166656e2c20566964656f67726166656e2c20496e7374616772616d657220756e6420566c6f6767657220676c6569636865726d61c39f656e20616e2c2064696520496e7465726573736520616e2065696e6572206b6c65696e656e2061626572206c65697374756e6773737461726b656e204b616d65726120686162656e2e2044656e6e2074726f747a20646572204b6f6d70616b7468656974206269657465742073696520616c6c65732c20776173206d616e207a756d20616d626974696f6e69657274656e20756e642070726f66657373696f6e656c6c656e20417262656974656e20627261756368742e0a446572203230204d656761706978656c2053656e736f7220736f7267742066c3bc722062657374652042696c647175616c6974c3a47420756e6420646173204d46542053797374656d20676172616e74696572742065696e652072696573696765204175737761686c20616e206b6f6d70616b74656e20756e6420657273746b6c6173736967656e204f626a656b746976656e2e0a566964656f206e696d6d7420736965206d697420344b203330702061756620756e642076657266c3bc677420752e612e20c3bc62657220566c6f672d4c2c20536c6f77202620517569636b20566964656f206f646572205a6569747261666665722e2044616e6b204e6f6b6961204f5a4f20417564696f206e696d6d7420646965204b616d6572612064656e20546f6e2073617562657220756e64206b6c6172206175662c206567616c206f6220657220766f6e20766f726e652c2068696e74656e206f64657220616c6c656e2053656974656e206b6f6d6d742e20446572204175746f666f6b7573206172626569746574207363686e656c6c20756e64207a757665726cc3a473736967206d69742047657369636874732d20756e6420417567656e65726b656e6e756e6720756e6420646572206e65756520566964656f2d53656c6669652d4d6f647573207370726963687420696e736265736f6e6465726520536f6369616c204d6564696120696e746572657373696572746520466f746f2d20756e6420566964656f67726166656e206265736f6e6465727320616e2e204e657520697374206175636820646965204dc3b6676c6963686b65697420486f63686b616e742d566964656f73206175667a756e65686d656e206f64657220646572204672616d652d4d61726b6572204d6f6475732c206265692064656d2065696e65204d61736b6520c3bc6265722064656d2042696c6420616c6c652067c3a46e676967656e20536f6369616c204d6564696120466f726d61746520616e7a656967742e');
SELECT pg_catalog.lo_close(0);

SELECT pg_catalog.lo_open('24750', 131072);
SELECT pg_catalog.lowrite(0, '\x53797374656d6b616d6572612066c3bc7220466f746f67726166656e2c20566964656f67726166656e2c20496e7374616772616d657220756e6420566c6f676765720a0a2d2d2d2d2d2d2d2d2d2d2d2d2d2d2d2d2d2d2d2d2d2d2d2d2d2d2d2d2d2d2d2d2d2d2d2d2d2d2d2d2d2d2d2d2d2d2d2d2d2d2d2d2d2d2d2d2d2d2d2d2d2d2d2d2d2d2d2d2d2d2d2d2d2d2d2d2d2d0a0a446965204c554d49582047313130207370726963687420466f746f67726166656e2c20566964656f67726166656e2c20496e7374616772616d657220756e6420566c6f6767657220676c6569636865726d61c39f656e20616e2c2064696520496e7465726573736520616e2065696e6572206b6c65696e656e2061626572206c65697374756e6773737461726b656e204b616d65726120686162656e2e2044656e6e2074726f747a20646572204b6f6d70616b7468656974206269657465742073696520616c6c65732c20776173206d616e207a756d20616d626974696f6e69657274656e20756e642070726f66657373696f6e656c6c656e20417262656974656e20627261756368742e0a446572203230204d656761706978656c2053656e736f7220736f7267742066c3bc722062657374652042696c647175616c6974c3a47420756e6420646173204d46542053797374656d20676172616e74696572742065696e652072696573696765204175737761686c20616e206b6f6d70616b74656e20756e6420657273746b6c6173736967656e204f626a656b746976656e2e0a566964656f206e696d6d7420736965206d697420344b203330702061756620756e642076657266c3bc677420752e612e20c3bc62657220566c6f672d4c2c20536c6f77202620517569636b20566964656f206f646572205a6569747261666665722e2044616e6b204e6f6b6961204f5a4f20417564696f206e696d6d7420646965204b616d6572612064656e20546f6e2073617562657220756e64206b6c6172206175662c206567616c206f6220657220766f6e20766f726e652c2068696e74656e206f64657220616c6c656e2053656974656e206b6f6d6d742e20446572204175746f666f6b7573206172626569746574207363686e656c6c20756e64207a757665726cc3a473736967206d69742047657369636874732d20756e6420417567656e65726b656e6e756e6720756e6420646572206e65756520566964656f2d53656c6669652d4d6f647573207370726963687420696e736265736f6e6465726520536f6369616c204d6564696120696e746572657373696572746520466f746f2d20756e6420566964656f67726166656e206265736f6e6465727320616e2e204e657520697374206175636820646965204dc3b6676c6963686b65697420486f63686b616e742d566964656f73206175667a756e65686d656e206f64657220646572204672616d652d4d61726b6572204d6f6475732c206265692064656d2065696e65204d61736b6520c3bc6265722064656d2042696c6420616c6c652067c3a46e676967656e20536f6369616c204d6564696120466f726d61746520616e7a656967742e');
SELECT pg_catalog.lo_close(0);

SELECT pg_catalog.lo_open('24751', 131072);
SELECT pg_catalog.lowrite(0, '\x45696e6520506572666f726d616e63652c206469652077617320686572206d616368740a0a2d2d2d2d2d2d2d2d2d2d2d2d2d2d2d2d2d2d2d2d2d2d2d2d2d2d2d2d2d2d2d2d2d2d2d2d2d2d2d2d2d2d2d2d2d2d2d2d2d2d2d2d2d2d2d2d2d2d2d2d2d2d2d2d2d2d2d2d2d2d2d2d2d2d2d2d2d2d0a0a4879706572582046757279204444523420524742206c696566657274206d697420476573636877696e6469676b656974656e2062697320333436364d487a2c2065696e6520506572666f726d616e63652c206469652077617320686572206d616368742c206bc3bc686e656e205374796c6520756e642065696e65205247422d42656c6575636874756e6720c3bc6265722064696520676573616d7465204d6f64756c6cc3a46e67652066c3bc72206661737a696e696572656e64652c20647572636867c3a46e67696765204c69636874656666656b74652e20467572792044445234205247422069737420584d502d526561647920756e6420696e20476573636877696e6469676b656974656e20766f6e20323430304d487a2062697320333436364d487a2c206d6974204c6174656e7a656e20766f6e20434c3135206269732031362c2045696e7a656c6d6f64756c6b6170617a6974c3a474656e20766f6e2038474220756e64203136474220736f776965204b69746b6170617a6974c3a474656e20766f6e203136474220626973203634474220657268c3a46c746c6963682e20536f206d75737320506572666f726d616e63652066c3bc722047616d696e672c20566964656f6265617262656974756e6720756e642052656e646572696e6720617573736568656e2e204d6974206175746f6d617469736368657220506c75672d6e2d506c61792dc39c62657274616b74756e67206d697420476573636877696e6469676b656974656e20766f6e20323430304d487a20756e6420323636364d487a20697374206572206e6174c3bc726c696368206d69742064656e206e6575657374656e20496e74656c20756e6420414d442043505573206b6f6d7061746962656c2e20313030252061756620476573636877696e6469676b65697420676574657374657420756e6420617573676573746174746574206d69742065696e6572206c6562656e736c616e67656e20476172616e746965206269657465742048797065725820467572792044445234205247422065696e6520746f6c6c6520557067726164656f7074696f6e2c20c3bc62657220646965206d616e2073696368206e6965206d65687220536f7267656e206d616368656e206d7573732e');
SELECT pg_catalog.lo_close(0);

SELECT pg_catalog.lo_open('24752', 131072);
SELECT pg_catalog.lowrite(0, '\x45696e207072616b746973636865732041626f6e6e656d656e742066c3bc7220626973207a75203620506572736f6e656e20696e2049687265722046616d696c69652e20456e7468c3a46c74205072656d69756d2d50726f64756b7469766974c3a474732d417070732c20626973207a75203620544220436c6f75642d5370656963686572202d20312054422070726f20506572736f6e202d20756e64206572776569746572746520536963686572686569742066c3bc7220616c6c65204968726520476572c3a474652e0a0a2d2d2d2d2d2d2d2d2d2d2d2d2d2d2d2d2d2d2d2d2d2d2d2d2d2d2d2d2d2d2d2d2d2d2d2d2d2d2d2d2d2d2d2d2d2d2d2d2d2d2d2d2d2d2d2d2d2d2d2d2d2d2d2d2d2d2d2d2d2d2d2d2d2d2d2d2d2d0a0a2a20426973207a75203620506572736f6e656e0a2a2031322d6d6f6e6174696765732041626f6e6e656d656e740a2a2050432c204d616320756e64204d6f62696c676572c3a474650a2a205072656d69756d204f66666963652d417070733a20576f72642c20457863656c2c20506f776572506f696e742c204f6e654e6f74650a2a204f75746c6f6f6b0a2a203120544220436c6f75642d53706569636865720a2a204572776569746572746520536963686572686569740a2a20546563686e69736368657220537570706f72740a2a204e696368742066c3bc72206b6f6d6d65727a69656c6c65204e75747a756e670a0a4d6963726f736f6674203336352046616d696c79206973742064617320696465616c652041626f6e6e656d656e742066c3bc7220646965204e75747a756e6720696d2067616e7a656e204861757368616c742066c3bc7220626973207a75203620506572736f6e656e20756e642062696574657420616c6c65732c2077617320536965207a7572204f7267616e69736174696f6e204968726573204c6562656e732062656ec3b6746967656e2e205a75204861757365206f64657220756e746572776567732073696e6420536965206d69742064656e20616b7475656c6c7374656e2056657273696f6e656e2064657220626577c3a4687274656e204f66666963652d417070732077696520576f72642c20457863656c2c20506f776572506f696e742c204f75746c6f6f6b20756e64204f6e654e6f746520617566206a6564656d20476572c3a47420696d6d6572206175662064656d204c617566656e64656e2e0a0a53796e6368726f6e6973696572656e2053696520756e6420496872652046616d696c6965204968726520446f6b756d656e746520756e642042696c646572206d6974203120544220436c6f75642d53706569636865722070726f20506572736f6e2c2064616d697420536965206a656465727a65697420756e6420c3bc626572616c6c2061756620736965207a756772656966656e206bc3b66e6e656e2e204f6e65447269766520737065696368657274206469657365204461746569656e206175746f6d6174697363682061756620616c6c656e20496872656e20476572c3a474656e2c2065696e7363686c6965c39f6c69636820616c6c657220c3846e646572756e67656e2e205a7564656d20657268616c74656e20536965206d697420496872656d2070657273c3b66e6c696368656e20547265736f722065696e656e206765736368c3bc747a74656e204f72646e6572206d69742065696e6572207a776569737475666967656e204964656e746974c3a474737072c3bc66756e672066c3bc72204968726520776963687469677374656e204461746569656e2e0a0a4567616c2c206f62206573207369636820756d2065696e20536368756c70726f6a656b742c2065696e652050697463682d5072c3a473656e746174696f6e206f6465722065696e656e204e6577736c65747465722068616e64656c742c20536965206bc3b66e6e656e206e6168746c6f7320676c656963687a6569746967206d697420616e646572656e207a7573616d6d656e617262656974656e2e204573206973742065696e666163682c204f6e6544726976652d4461746569656e20766f6e20496872656d205043206f646572204d6f62696c676572c3a4742061757320667265697a75676562656e20756e6420467265756e64656e2c204b6c617373656e6b616d65726164656e206f6465722046616d696c69656e6d6974676c69656465726e20646965204dc3b6676c6963686b656974207a7520676562656e2c20566f727363686cc3a46765207a75206d616368656e20756e642064617320446f6b756d656e74207a75206265617262656974656e2e');
SELECT pg_catalog.lo_close(0);

SELECT pg_catalog.lo_open('24753', 131072);
SELECT pg_catalog.lowrite(0, '\x54657374');
SELECT pg_catalog.lo_close(0);

SELECT pg_catalog.lo_open('24754', 131072);
SELECT pg_catalog.lowrite(0, '\x54657374');
SELECT pg_catalog.lo_close(0);

COMMIT;

--
-- TOC entry 2813 (class 2606 OID 24683)
-- Name: cart cart_pkey; Type: CONSTRAINT; Schema: public; Owner: admin
--

ALTER TABLE ONLY public.cart
    ADD CONSTRAINT cart_pkey PRIMARY KEY (id);


--
-- TOC entry 2817 (class 2606 OID 24688)
-- Name: cart_position cart_position_pkey; Type: CONSTRAINT; Schema: public; Owner: admin
--

ALTER TABLE ONLY public.cart_position
    ADD CONSTRAINT cart_position_pkey PRIMARY KEY (id);


--
-- TOC entry 2819 (class 2606 OID 24693)
-- Name: customer_order customer_order_pkey; Type: CONSTRAINT; Schema: public; Owner: admin
--

ALTER TABLE ONLY public.customer_order
    ADD CONSTRAINT customer_order_pkey PRIMARY KEY (id);


--
-- TOC entry 2823 (class 2606 OID 24698)
-- Name: customer_order_position customer_order_position_pkey; Type: CONSTRAINT; Schema: public; Owner: admin
--

ALTER TABLE ONLY public.customer_order_position
    ADD CONSTRAINT customer_order_position_pkey PRIMARY KEY (id);


--
-- TOC entry 2825 (class 2606 OID 24706)
-- Name: product product_pkey; Type: CONSTRAINT; Schema: public; Owner: admin
--

ALTER TABLE ONLY public.product
    ADD CONSTRAINT product_pkey PRIMARY KEY (id);


--
-- TOC entry 2827 (class 2606 OID 24720)
-- Name: product uk_5w2fjem1vbrjs73uyoagmkebx; Type: CONSTRAINT; Schema: public; Owner: admin
--

ALTER TABLE ONLY public.product
    ADD CONSTRAINT uk_5w2fjem1vbrjs73uyoagmkebx UNIQUE (number);


--
-- TOC entry 2815 (class 2606 OID 24716)
-- Name: cart uk_9emlp6m95v5er2bcqkjsw48he; Type: CONSTRAINT; Schema: public; Owner: admin
--

ALTER TABLE ONLY public.cart
    ADD CONSTRAINT uk_9emlp6m95v5er2bcqkjsw48he UNIQUE (user_id);


--
-- TOC entry 2821 (class 2606 OID 24718)
-- Name: customer_order uk_chb0ov22ne0pq4d6elhol84ag; Type: CONSTRAINT; Schema: public; Owner: admin
--

ALTER TABLE ONLY public.customer_order
    ADD CONSTRAINT uk_chb0ov22ne0pq4d6elhol84ag UNIQUE (number);


--
-- TOC entry 2829 (class 2606 OID 24714)
-- Name: webshop_user webshop_user_pkey; Type: CONSTRAINT; Schema: public; Owner: admin
--

ALTER TABLE ONLY public.webshop_user
    ADD CONSTRAINT webshop_user_pkey PRIMARY KEY (id);


--
-- TOC entry 2834 (class 2606 OID 24741)
-- Name: customer_order_position fk2a1somp3qsywemiy2dhsyo0ih; Type: FK CONSTRAINT; Schema: public; Owner: admin
--

ALTER TABLE ONLY public.customer_order_position
    ADD CONSTRAINT fk2a1somp3qsywemiy2dhsyo0ih FOREIGN KEY (order_id) REFERENCES public.customer_order(id);


--
-- TOC entry 2830 (class 2606 OID 24721)
-- Name: cart fk2t4cu95nxhkryxotkbc0xuuwd; Type: FK CONSTRAINT; Schema: public; Owner: admin
--

ALTER TABLE ONLY public.cart
    ADD CONSTRAINT fk2t4cu95nxhkryxotkbc0xuuwd FOREIGN KEY (user_id) REFERENCES public.webshop_user(id);


--
-- TOC entry 2831 (class 2606 OID 24726)
-- Name: cart_position fkf1cwufhvnqffpd80iha1ra0fa; Type: FK CONSTRAINT; Schema: public; Owner: admin
--

ALTER TABLE ONLY public.cart_position
    ADD CONSTRAINT fkf1cwufhvnqffpd80iha1ra0fa FOREIGN KEY (cart_id) REFERENCES public.cart(id);


--
-- TOC entry 2832 (class 2606 OID 24731)
-- Name: cart_position fkpun891vt8p3sofwhu78phgwpt; Type: FK CONSTRAINT; Schema: public; Owner: admin
--

ALTER TABLE ONLY public.cart_position
    ADD CONSTRAINT fkpun891vt8p3sofwhu78phgwpt FOREIGN KEY (product_id) REFERENCES public.product(id);


--
-- TOC entry 2833 (class 2606 OID 24736)
-- Name: customer_order fkraskg2tdjiyu3m7qsmynctulk; Type: FK CONSTRAINT; Schema: public; Owner: admin
--

ALTER TABLE ONLY public.customer_order
    ADD CONSTRAINT fkraskg2tdjiyu3m7qsmynctulk FOREIGN KEY (user_id) REFERENCES public.webshop_user(id);


-- Completed on 2020-06-26 21:22:13 UTC

--
-- PostgreSQL database dump complete
--
